{
  "pixels": [
    [
      141,
      137
    ],
    [
      466,
      123
    ],
    [
      485,
      401
    ],
    [
      120,
      428
    ],
    [
      191,
      198
    ],
    [
      379,
      225
    ],
    [
      389,
      363
    ],
    [
      161,
      381
    ],
    [
      199,
      290
    ],
    [
      286,
      233
    ],
    [
      428,
      270
    ],
    [
      297,
      327
    ],
    [
      292,
      281
    ]
  ],
  "worldXY": [
    [
      346.5152282714844,
      -63.63652038574219
    ],
    [
      348.2696838378906,
      82.91815185546875
    ],
    [
      236.47982788085938,
      82.05607604980469
    ],
    [
      232.5426025390625,
      -61.22772979736328
    ],
    [
      234.6000213623047,
      13.500000953674316
    ],
    [
      234.6000213623047,
      13.500000953674316
    ],
    [
      234.6000213623047,
      13.500000953674316
    ],
    [
      234.6000213623047,
      13.500000953674316
    ],
    [
      292.709716796875,
      -23.80025291442871
    ],
    [
      234.6000213623047,
      13.500001907348633
    ],
    [
      234.6000213623047,
      13.500000953674316
    ],
    [
      234.6000213623047,
      13.500000953674316
    ],
    [
      234.6000213623047,
      13.500000953674316
    ]
  ]
}