{
  "pixels": [
    [
      181,
      379
    ],
    [
      497,
      385
    ],
    [
      257,
      343
    ],
    [
      418,
      346
    ],
    [
      459,
      264
    ],
    [
      463,
      183
    ],
    [
      300,
      140
    ],
    [
      220,
      180
    ],
    [
      219,
      261
    ],
    [
      300,
      265
    ],
    [
      382,
      265
    ],
    [
      337,
      419
    ]
  ],
  "worldXY": [
    [
      238.54598999023438,
      -67.9346923828125
    ],
    [
      244.8515625,
      76.52068328857422
    ],
    [
      258.0077819824219,
      -32.64540100097656
    ],
    [
      262.8218078613281,
      40.02024841308594
    ],
    [
      301.8687744140625,
      53.81517791748047
    ],
    [
      338.2038879394531,
      55.980648040771484
    ],
    [
      354.9405822753906,
      -18.135711669921875
    ],
    [
      335.0476989746094,
      -50.93741226196289
    ],
    [
      297.0580749511719,
      -52.786983489990234
    ],
    [
      298.697265625,
      -14.938644409179688
    ],
    [
      298.1756286621094,
      22.720884323120117
    ],
    [
      221.0028533935547,
      2.8786261081695557
    ]
  ]
}